<table class="infobox biography vcard" style="width:22em">
 <tr>
  <th colspan="2" style="text-align:center;font-size:125%;font-weight:bold">
   <span class="fn">
    Murray Rothbard
   </span>
  </th>
 </tr>
 <tr>
  <td colspan="2" style="text-align:center">
   <a class="image" href="/wiki/File:MurrayBW.jpg">
    <img alt="MurrayBW.jpg" data-file-height="565" data-file-width="391" height="318" src="//upload.wikimedia.org/wikipedia/commons/thumb/7/7e/MurrayBW.jpg/220px-MurrayBW.jpg" srcset="//upload.wikimedia.org/wikipedia/commons/thumb/7/7e/MurrayBW.jpg/330px-MurrayBW.jpg 1.5x, //upload.wikimedia.org/wikipedia/commons/7/7e/MurrayBW.jpg 2x" width="220"/>
   </a>
  </td>
 </tr>
 <tr>
  <th scope="row">
   Born
  </th>
  <td>
   <span class="nickname">
    Murray Newton Rothbard
   </span>
   <br/>
   <span style="display:none">
    (
    <span class="bday">
     1926-03-02
    </span>
    )
   </span>
   March 2, 1926
   <br/>
   <span class="birthplace">
    <a class="mw-redirect" href="/wiki/Bronx" title="Bronx">
     Bronx
    </a>
    ,
    <a href="/wiki/New_York_City" title="New York City">
     New York City
    </a>
    ,
    <a href="/wiki/New_York_(state)" title="New York (state)">
     New York
    </a>
    , United States
   </span>
  </td>
 </tr>
 <tr>
  <th scope="row">
   Died
  </th>
  <td>
   January 7, 1995
   <span style="display:none">
    (
    <span class="dday deathdate">
     1995-01-07
    </span>
    )
   </span>
   (aged 68)
   <br/>
   <span class="deathplace">
    New York City, New York, United States
   </span>
  </td>
 </tr>
 <tr>
  <th scope="row">
   Nationality
  </th>
  <td class="category">
   <a href="/wiki/Americans" title="Americans">
    American
   </a>
  </td>
 </tr>
 <tr>
  <td colspan="2" style="text-align:center">
  </td>
 </tr>
 <tr>
  <th scope="row">
   Institution
  </th>
  <td>
   <a class="mw-redirect" href="/wiki/Brooklyn_Polytechnic_Institute" title="Brooklyn Polytechnic Institute">
    Brooklyn Polytechnic Institute
   </a>
   <br/>
   <a href="/wiki/University_of_Nevada,_Las_Vegas" title="University of Nevada, Las Vegas">
    University of Nevada, Las Vegas
   </a>
  </td>
 </tr>
 <tr>
  <th scope="row">
   School or
   <br/>
   tradition
  </th>
  <td class="category">
   <a href="/wiki/Austrian_School" title="Austrian School">
    Austrian School
   </a>
  </td>
 </tr>
 <tr>
  <th scope="row">
   Alma mater
  </th>
  <td>
   <a href="/wiki/Columbia_University" title="Columbia University">
    Columbia University
   </a>
  </td>
 </tr>
 <tr>
  <th scope="row">
   Influences
  </th>
  <td>
   <a href="/wiki/John_Locke" title="John Locke">
    John Locke
   </a>
   ,
   <a href="/wiki/Ludwig_von_Mises" title="Ludwig von Mises">
    Ludwig von Mises
   </a>
   ,
   <a href="/wiki/Ayn_Rand" title="Ayn Rand">
    Ayn Rand
   </a>
   ,
   <a href="/wiki/Milton_Friedman" title="Milton Friedman">
    Milton Friedman
   </a>
   ,
   <a href="/wiki/Friedrich_Hayek" title="Friedrich Hayek">
    Friedrich Hayek
   </a>
   ,
   <a href="/wiki/Albert_Jay_Nock" title="Albert Jay Nock">
    Albert Jay Nock
   </a>
   ,
   <a class="mw-redirect" href="/wiki/H.L._Mencken" title="H.L. Mencken">
    H.L. Mencken
   </a>
   ,
   <a href="/wiki/Lysander_Spooner" title="Lysander Spooner">
    Lysander Spooner
   </a>
   ,
   <a href="/wiki/Harry_Elmer_Barnes" title="Harry Elmer Barnes">
    Harry Elmer Barnes
   </a>
   ,
   <a href="/wiki/Frank_Chodorov" title="Frank Chodorov">
    Frank Chodorov
   </a>
   ,
   <a href="/wiki/Joseph_Schumpeter" title="Joseph Schumpeter">
    Joseph Schumpeter
   </a>
   ,
   <a href="/wiki/Thomas_Aquinas" title="Thomas Aquinas">
    Thomas Aquinas
   </a>
   ,
   <a href="/wiki/Jean-Baptiste_Say" title="Jean-Baptiste Say">
    Jean-Baptiste Say
   </a>
   ,
   <a href="/wiki/Carl_Menger" title="Carl Menger">
    Carl Menger
   </a>
   ,
   <a href="/wiki/Plato" title="Plato">
    Plato
   </a>
   ,
   <a href="/wiki/Aristotle" title="Aristotle">
    Aristotle
   </a>
   ,
   <a href="/wiki/Socrates" title="Socrates">
    Socrates
   </a>
   ,
   <a href="/wiki/William_Graham_Sumner" title="William Graham Sumner">
    William Graham Sumner
   </a>
   ,
   <a href="/wiki/Herbert_Spencer" title="Herbert Spencer">
    Herbert Spencer
   </a>
   ,
   <a href="/wiki/Franz_Oppenheimer" title="Franz Oppenheimer">
    Franz Oppenheimer
   </a>
   ,
   <a href="/wiki/John_C._Calhoun" title="John C. Calhoun">
    John C. Calhoun
   </a>
   ,
   <a href="/wiki/Fr%C3%A9d%C3%A9ric_Bastiat" title="Frédéric Bastiat">
    Frédéric Bastiat
   </a>
  </td>
 </tr>
 <tr>
  <th scope="row">
   Contributions
  </th>
  <td>
   <a href="/wiki/Anarcho-capitalism" title="Anarcho-capitalism">
    Anarcho-capitalism
   </a>
   ,
   <a href="/wiki/Paleolibertarianism" title="Paleolibertarianism">
    paleolibertarianism
   </a>
   ,
   <a href="/wiki/Historical_revisionism" title="Historical revisionism">
    historical revisionism
   </a>
   ,
   <a href="/wiki/Libertarianism" title="Libertarianism">
    libertarianism
   </a>
  </td>
 </tr>
 <tr style="display:none">
  <td colspan="2">
  </td>
 </tr>
</table>
