<table class="infobox biography vcard" style="width:22em">
 <tr>
  <th colspan="2" style="text-align:center;font-size:125%;font-weight:bold">
   <span class="fn">
    Émile Durkheim
   </span>
  </th>
 </tr>
 <tr>
  <td colspan="2" style="text-align:center">
   <a class="image" href="/wiki/File:Emile_Durkheim.jpg">
    <img alt="Emile Durkheim.jpg" data-file-height="324" data-file-width="229" height="311" src="//upload.wikimedia.org/wikipedia/commons/thumb/2/24/Emile_Durkheim.jpg/220px-Emile_Durkheim.jpg" srcset="//upload.wikimedia.org/wikipedia/commons/2/24/Emile_Durkheim.jpg 1.5x" width="220"/>
   </a>
   <div>
    French
    <a href="/wiki/Sociology" title="Sociology">
     sociologist
    </a>
   </div>
  </td>
 </tr>
 <tr>
  <th scope="row">
   Born
  </th>
  <td>
   <span class="nickname">
    David Émile Durkheim
   </span>
   <br/>
   <span style="display:none">
    (
    <span class="bday">
     1858-04-15
    </span>
    )
   </span>
   April 15, 1858
   <br/>
   <span class="birthplace">
    <a href="/wiki/%C3%89pinal" title="Épinal">
     Épinal
    </a>
    ,
    <a class="mw-redirect" href="/wiki/Lorraine_(region)" title="Lorraine (region)">
     Lorraine
    </a>
    ,
    <a href="/wiki/Second_French_Empire" title="Second French Empire">
     France
    </a>
   </span>
  </td>
 </tr>
 <tr>
  <th scope="row">
   Died
  </th>
  <td>
   November 15, 1917
   <span style="display:none">
    (
    <span class="dday deathdate">
     1917-11-15
    </span>
    )
   </span>
   (aged 59)
   <br/>
   <span class="deathplace">
    <a href="/wiki/Paris" title="Paris">
     Paris
    </a>
    ,
    <a href="/wiki/%C3%8Ele-de-France" title="Île-de-France">
     Île-de-France
    </a>
    ,
    <a href="/wiki/French_Third_Republic" title="French Third Republic">
     France
    </a>
   </span>
  </td>
 </tr>
 <tr>
  <th scope="row">
   Nationality
  </th>
  <td class="category">
   French
  </td>
 </tr>
 <tr>
  <th scope="row">
   Alma mater
  </th>
  <td>
   <a href="/wiki/%C3%89cole_Normale_Sup%C3%A9rieure" title="École Normale Supérieure">
    École Normale Supérieure
   </a>
  </td>
 </tr>
 <tr>
  <th scope="row">
   Known for
  </th>
  <td>
   <a href="/wiki/Sacred%E2%80%93profane_dichotomy" title="Sacred–profane dichotomy">
    Sacred–profane dichotomy
   </a>
   <br/>
   <a href="/wiki/Collective_consciousness" title="Collective consciousness">
    Collective consciousness
   </a>
   <br/>
   <a href="/wiki/Social_fact" title="Social fact">
    Social fact
   </a>
   <br/>
   <a href="/wiki/Social_integration" title="Social integration">
    Social integration
   </a>
   <br/>
   <a href="/wiki/Anomie" title="Anomie">
    Anomie
   </a>
   <br/>
   <a href="/wiki/Collective_effervescence" title="Collective effervescence">
    Collective effervescence
   </a>
  </td>
 </tr>
 <tr>
  <td colspan="2" style="text-align:center">
   <b>
    Scientific career
   </b>
  </td>
 </tr>
 <tr>
  <th scope="row">
   Fields
  </th>
  <td class="category">
   Philosophy, sociology, education, anthropology, religious studies
  </td>
 </tr>
 <tr>
  <th scope="row">
   Institutions
  </th>
  <td>
   <a href="/wiki/University_of_Paris" title="University of Paris">
    University of Paris
   </a>
   ,
   <a class="mw-redirect" href="/wiki/Universit%C3%A9_de_Bordeaux" title="Université de Bordeaux">
    University of Bordeaux
   </a>
  </td>
 </tr>
 <tr>
  <th scope="row">
   Influences
  </th>
  <td>
   <a href="/wiki/Immanuel_Kant" title="Immanuel Kant">
    Immanuel Kant
   </a>
   ,
   <a href="/wiki/Ren%C3%A9_Descartes" title="René Descartes">
    René Descartes
   </a>
   ,
   <a href="/wiki/Plato" title="Plato">
    Plato
   </a>
   ,
   <a href="/wiki/Herbert_Spencer" title="Herbert Spencer">
    Herbert Spencer
   </a>
   ,
   <a href="/wiki/Aristotle" title="Aristotle">
    Aristotle
   </a>
   ,
   <a href="/wiki/Montesquieu" title="Montesquieu">
    Montesquieu
   </a>
   ,
   <a href="/wiki/Jean-Jacques_Rousseau" title="Jean-Jacques Rousseau">
    Jean-Jacques Rousseau
   </a>
   ,
   <a href="/wiki/Auguste_Comte" title="Auguste Comte">
    Auguste Comte
   </a>
   .
   <a href="/wiki/William_James" title="William James">
    William James
   </a>
   ,
   <a href="/wiki/John_Dewey" title="John Dewey">
    John Dewey
   </a>
   ,
   <a class="mw-redirect" href="/wiki/Fustel_de_Coulanges" title="Fustel de Coulanges">
    Fustel de Coulanges
   </a>
   ,
   <a href="/wiki/John_Stuart_Mill" title="John Stuart Mill">
    John Stuart Mill
   </a>
  </td>
 </tr>
 <tr>
  <th scope="row">
   Influenced
  </th>
  <td>
   <a href="/wiki/Marcel_Mauss" title="Marcel Mauss">
    Marcel Mauss
   </a>
   ,
   <a href="/wiki/Claude_L%C3%A9vi-Strauss" title="Claude Lévi-Strauss">
    Claude Lévi-Strauss
   </a>
   ,
   <a href="/wiki/Talcott_Parsons" title="Talcott Parsons">
    Talcott Parsons
   </a>
   ,
   <a href="/wiki/Maurice_Halbwachs" title="Maurice Halbwachs">
    Maurice Halbwachs
   </a>
   ,
   <a href="/wiki/Lucien_L%C3%A9vy-Bruhl" title="Lucien Lévy-Bruhl">
    Lucien Lévy-Bruhl
   </a>
   ,
   <a href="/wiki/Bronis%C5%82aw_Malinowski" title="Bronisław Malinowski">
    Bronisław Malinowski
   </a>
   ,
   <a href="/wiki/Fernand_Braudel" title="Fernand Braudel">
    Fernand Braudel
   </a>
   ,
   <a href="/wiki/Pierre_Bourdieu" title="Pierre Bourdieu">
    Pierre Bourdieu
   </a>
   ,
   <a href="/wiki/Charles_Taylor_(philosopher)" title="Charles Taylor (philosopher)">
    Charles Taylor
   </a>
   ,
   <a href="/wiki/Henri_Bergson" title="Henri Bergson">
    Henri Bergson
   </a>
   ,
   <a href="/wiki/Emmanuel_Levinas" title="Emmanuel Levinas">
    Emmanuel Levinas
   </a>
   ,
   <a href="/wiki/Steven_Lukes" title="Steven Lukes">
    Steven Lukes
   </a>
   ,
   <a href="/wiki/Alfred_Radcliffe-Brown" title="Alfred Radcliffe-Brown">
    Alfred Radcliffe-Brown
   </a>
   ,
   <a href="/wiki/E._E._Evans-Pritchard" title="E. E. Evans-Pritchard">
    E. E. Evans-Pritchard
   </a>
   ,
   <a href="/wiki/Mary_Douglas" title="Mary Douglas">
    Mary Douglas
   </a>
   ,
   <a href="/wiki/Paul_Fauconnet" title="Paul Fauconnet">
    Paul Fauconnet
   </a>
   ,
   <a class="mw-redirect" href="/wiki/Robert_Bellah" title="Robert Bellah">
    Robert Bellah
   </a>
   ,
   <a href="/wiki/Ziya_G%C3%B6kalp" title="Ziya Gökalp">
    Ziya Gökalp
   </a>
   ,
   <a href="/wiki/David_Bloor" title="David Bloor">
    David Bloor
   </a>
   ,
   <a href="/wiki/Randall_Collins" title="Randall Collins">
    Randall Collins
   </a>
   ,
   <a href="/wiki/Jonathan_Haidt" title="Jonathan Haidt">
    Jonathan Haidt
   </a>
  </td>
 </tr>
 <tr style="display:none">
  <td colspan="2">
  </td>
 </tr>
</table>
